,,,
WKT,nombre,descripción,
POINT (-57.5533386 -38.01662940000001)NOMBRE,Primera Junta 2074,PC 9 - HIKVISION,
POINT (-57.530377 -38.0260293),La Normandina Salón de Eventos,PC 9 - HIKVISION,
POINT (-57.53255830000001 -38.0286333),Bruto Playa Grande,PC 2 DAHUA ,
POINT (-57.59746099999999 -38.0408743),Avenida Jacinto Peralta Ramos & Avenida Mario Bravo fundación PUPY,,
POINT (-57.57516 -38.015867),COM,,
POINT (-57.59381070000001 -37.9941462),Av. M. Champagnat 3345,PC 1 DAHUA,
POINT (-57.54914050000001 -38.0082528),Alberti 2251,pc 1	DAHUA,
POINT (-57.58455120000001 -38.0316972),Florencio Sánchez 1754,PC 2 - SMART PSS,
POINT (-57.5903572 -37.96962570000001),Av. Libertad 7598,PC 1 DAHUA,
POINT (-57.5857758 -38.0312389),Av. Jacinto Peralta Ramos 1766,PC 2 - SMART PSS,
POINT (-57.5646668 -38.0102592),Av. Independencia 3445,PC 1 DAHUA,
POINT (-57.55788200000001 -37.9997472),Av. Colón 3350,PC 1 - DAHUA,
POINT (-57.5899973 -37.9810595),Moreno 6698,PC 9 - HIKVISION,
POINT (-57.5575494 -38.0003167),Salta 2248,PC 9 - HIKVISION,
POINT (-57.5577361 -38.0233141),Vieytes 2000,PC 1 - EZVIZ,
POINT (-57.5474655 -37.98577029999999),Jujuy 523,PC 2 DAHUA,
POINT (-57.77450089999999 -37.94061369999999),Arco de Sierra de los Padres,PC 9 - HIKVISION,
POINT (-57.5543249 -37.9628503),Aragon 5200,PC 1 - IVMS4200,
POINT (-57.54594900000001 -38.0417293),El Cano 3355,PC 2 DAHUA,
POINT (-57.5644678 -38.0206773),Larrea 2649,PC 2 - IVMS 4200,
POINT (-57.5878178 -38.0414605),Gutemberg 5875,PC 7 - EZVIZ,
POINT (-57.5411787 -38.028249),Almafuerte 534,PC 2 - IVMS 4200,
POINT (-57.6146823 -38.0106774),Av. Fortunato de la Plaza 9687,PC 1 - EZVIZ,
POINT (-57.60060319999999 -37.9642171),Tandil & Avenida Libertad,,
POINT (-57.7470143 -37.9174512),Delegación Sierra de los Padres y La Peregrina,,
POINT (-57.5923995 -38.0029781),Avenida Juan B. Justo & Reforma Universitaria,dep municipal isla,
POINT (-57.58185470000001 -38.0144256),Pehuajó 250,dep municipal isla,
POINT (-57.53232610000001 -38.0310964),Quba, café de mar,PC 5 HIKVISION
POINT (-57.56882330000001 -38.01743639999999),Catamarca 4256,PC 2 -  DAHUA,
POINT (-57.5351872 -38.0268834),Saavedra 190,PC 9 - HIKVISION,
POINT (-57.5440696 -38.0021968),Rivadavia 2248,PC 1 DAHUA,
POINT (-57.54894789999999 -37.9910362),Av. Independencia 1055,PC 1 - DAHUA,
POINT (-57.56988709999999 -38.0001073),Garay 4187,PC 1 DAHUA,
POINT (-57.55649469999999 -37.9879093),Balcarce 3902,PC 1 DAHUA,
POINT (-57.5439152 -38.00286880000001),Entre Ríos 1864,PC 9 - HIKVISION,
POINT (-57.5807805 -38.023395),Hernandarias 6767 Y POR DOLORES,PC 9 - HIKVISION,
POINT (-57.55855619999999 -37.980329),Misiones 545,PC 9 - HILVISION,
POINT (-57.593843 -37.9949817),Champagnat 3418,PC 9 - HIKVISION,
POINT (-57.58563410000001 -38.0135015),12 de Octubre 7778,PC 2 - IVMS 4200,
POINT (-57.56985619999999 -38.0607011),Acha 3121,PC 9 - HIKVISION,
POINT (-57.5766407 -38.0529084),Alejandro Korn 2916,PC 9 - HIKVISION,
POINT (-57.59630660000001 -38.03535919999999),Dolores 2707,PC 9 - HIKVISION,
POINT (-57.5479706 -38.0629256),Av. Fortunato de la Plaza 1928,PC 5 HIKVISION,
POINT (-57.5865743 -38.0387482),Genova y Dellepiane,PC 9 - HIKVISION,
POINT (-57.5896285 -37.9449987),Los Eucaliptus 5353,PC 9 - HIKVISON,
POINT (-57.58404489999999 -37.9784912),Bahia Blanca 1525,PC 9 - HIKVISION,
POINT (-57.55697850000001 -37.9569064),Joaquina Acevedo 5731,PC 2 - IVMS 4200,
POINT (-57.5426867 -37.9605895),Esquiu 1943,PC 9 - HIKVISION,
POINT (-57.5669807 -38.0409214),Cerrito 1430,PC 9 - HIKVISION,
POINT (-57.56861749999999 -38.03476690000001),San Salvador 5195,PC 9 - HIKVISION,
POINT (-57.57194610000001 -38.0072273),Primera Junta 3908,PC 2 DAHUA,
POINT (-57.57321460000001 -38.0496554),Alejandro Korn 2465,PC 7 - EZVIZ,
POINT (-57.5779915 -37.9546228),Valencia 7356,PC 2  DAHUA,
POINT (-57.5941667 -38.002699),Peralta Ramos 85,PC 9 - HIKVISION,
POINT (-57.5722318 -38.0223849),El Cano 6334,PC 7 - EZVIZ,
POINT (-57.5429983 -38.0031897),Buenos Aires 1863 - Loc 2,PC 7 - EZVIZ,
POINT (-57.5351566 -38.0268294),Alem 3602 y 3614,PC 9 - HIKVISION,
POINT (-57.5479573 -38.0096034),Buenos Aires 2642,PC 2 - IVMS 4200,
POINT (-57.54386399999999 -38.007682),Arenales 2287,PC 9 - HIKVISION,
POINT (-57.5738476 -37.9775648),Libertad 5733,PC 9 - HIKVISION,
POINT (-57.5476936 -37.9907937),Libertad 3151,PC 9 - HIKVISION,
POINT (-57.5467807 -38.0417078),Acha 325,PC 9 - HIKVISION,
POINT (-57.6350457 -37.970684),Juan B Justo 1559,PC 7 - EZVIZ,
POINT (-57.5856326 -38.0317156),Arana y Goiri 6450,PC 1 DAHUA,
POINT (-57.6032488 -38.1141864),C. 495 874,PC 7 EZVIZ,
POINT (-57.54586740000001 -38.0037931),Corrientes 2044,PC 9 - HIKVISION,
POINT (-57.76856919999999 -37.9591007),Emilio 23,,
POINT (-57.544141 -38.0099464),Gascón & Lamadrid,PC 1 - IVMS4200,
POINT (-57.5566433 -38.0711328),Av. Mario Bravo 1865,PC 2 DAHUA,
POINT (-57.54834429999999 -38.0060782),Corrientes 2341,PC 9 - HIKVISION,
POINT (-57.5722318 -38.0223849),El Cano 6334,PC 1 - EZVIZ,
POINT (-57.5709931 -38.0182193),Independencia 4443,PC 7 - EZVIZ,
POINT (-57.664165 -38.0067157),PARQUE INDUSTRIAL,PC 2 DAHUA,
POINT (-57.549356 -38.035558),Av. Juan B. Justo 700,PC 2 - DAHUA,
POINT (-57.54785779999999 -38.0002893),Rivadavia 2602,PC 2 - SMART PSS,
POINT (-57.58259579999999 -38.0025117),Saavedra 4935,PC1 DAHUA,
POINT (-57.54933399999999 -37.9952074),La Rioja 1445,PC 2 - DAHUA,
POINT (-57.55394279999999 -37.9797248),French 4209 Y  SAN JUAN 299,PC 1 - DAHUA,
POINT (-57.5963848 -38.03110040000001),Friuli 2381,PC 9 - HIKVISION,
POINT (-57.54757349999999 -38.08322),Navarra 450,PC 9 - HIKVISION,
POINT (-57.5815715 -37.9809265),Av. Pedro Luro 6150,PC 2 DAHUA,
POINT (-57.565394 -37.9854684),Neuquén y 3 de Febrero,PC 7 - EZVIZ,
POINT (-57.5767573 -38.024135),Irala 6472,PC 7 - EZVIZ,
POINT (-57.577012 -38.0239905),JACINTO PERALTA RAMOS 714,PC 7 - EZVIZ,
POINT (-57.57678479999999 -38.02403069999999),Irala 6478,PC 7 - EZVIZ,
POINT (-57.56632800000001 -38.0169961),La Rioja 4168,PC 5 HIKVISION,
POINT (-57.5434259 -38.0086662),Lamadrid 2351,PC 2 - DAHUA,
POINT (-57.6253282 -38.0017521),Arana y Goiri 10956,PC 9 - HIKVISION,
POINT (-57.5579983 -37.98222630000001),Ayacucho 4365,PC 7 - EZVIZ,
POINT (-57.6057403 -37.9436782),Florisbelo Acosta 7741,PC 9 - HIKVISION,
POINT (-57.555023 -37.9976948),Belgrano 3264,PC 5 HIKVISION,
POINT (-57.594115 -38.0453417),Talcahuano 3279,PC 7 - EZVIZ,
POINT (-57.57060800000001 -37.9568972),Torres de Vera y Aragon,,
POINT (-57.57704 -37.9649212),TORRE DE VERA Y ARAGON 0,PC 9 - HIKVISION,
POINT (-57.55190349999999 -37.9778465),San Juan 2,PC 9 - HIKVISION,
POINT (-57.5460232 -37.9699186),Patagones 955,PC 9 - HIKVISION,
POINT (-57.5524049 -38.0009628),Bolívar 2903,PC 9 - HIKVISION,
POINT (-57.5555046 -37.9666867),Lopez de Gomara 5055,PC 9 - HIKVISION,
POINT (-57.5536578 -38.0024368),Hipolito Yrigoyen 2257,PC 8 - DAHUA,
POINT (-57.5753287 -38.0369147),Tripulantes del Fournier 5450,PC 9 - HIKVISION,
POINT (-57.5939388 -38.0020795),Av. Juan B. Justo 5758,PC 5 HIKVISION,
POINT (-57.5942891 -38.0027085),Solis 9031,PC 9 - HIKVISION,
POINT (-57.6121746 -37.9831781),San Lorenzo 8141,PC 9 - HIKVISION,
POINT (-57.5518458 -38.01169029999999),Alvarado 2240,PC 1 DAHUA,
POINT (-57.54819699999999 -38.042024),Av. Edison 432,CASA BLANCO,
POINT (-57.54206139999999 -38.0143307),Olavarría & Garay,DOMO DE NIKRO,
POINT (-57.54259260000001 -38.0101331),Las Heras 2450,PC 7 - EZVIZ,
POINT (-57.557589 -38.0308137),Solis 4850,PC 2 DAHUA,
POINT (-57.57925299999999 -37.9762466),Avenida M. Champagnat & Balcarce,OPEN SPORT ,
POINT (-57.57275509999999 -38.0032687),San Juan & San Lorenzo,PC 2 - DAHUA,
POINT (-57.5559287 -38.04368540000001),Padre Dutto 1003,PC 7 - EZVIZ,
POINT (-57.6119175 -37.9833193),San Lorenzo 8109,PC 9 - HIKVISION,
POINT (-57.55933950000001 -37.9954235),Belgrano y 14 de Julio,PC 7 - EZVIZ,
POINT (-57.53153709999999 -38.0265463),Mr Jones,PC 9 - HIKVISION,
POINT (-57.6287888 -38.0131758),Flores 3702,PC 9 - HIKVISION,
POINT (-57.5589466 -38.0042805),Club 26,Independencia y Rawson,
POINT (-57.54808860000001 -38.003418),Bolívar 2450,PC 9 - HIKVISION,
POINT (-57.55543950000001 -38.0787058),Darragueira 3585,PC 9 - HIKVISION,
POINT (-57.6093606 -38.109937),Calle 495 & Calle 24,,
POINT (-57.5647528 -38.00918529999999),Anexo Facultad de ciencias de la Salud y trabajo social. UNMDP,,
POINT (-57.5713091 -38.005743),Universidad Nacional de Mar del Plata,,
POINT (-57.5715223 -38.00575399999999),complejo universitario,,
POINT (-57.5371696 -38.0288531),Alem 3863,PC 9 - HIKVISION,
POINT (-57.55210400000001 -37.9833439),Guido 516,PC 9 - HIKVISION,
POINT (-57.59039439999999 -38.0173163),Guanahani 7751,PC 5 HIKVISION,
POINT (-57.56944589999999 -38.0930695),Atahualpa 4861,PC 7 - EZVIZ,
POINT (-57.5479241 -37.9995492),San Luis 1750,PC 7 - EZVIZ,
POINT (-57.5586691 -37.9942534),14 de Julio 1775,PC 4 DAHUA,
POINT (-57.5954982 -37.9822285),Estado de Israel 2345,PC 4 DAHUA,
POINT (-57.59542990000001 -37.957491),Tandil 157,PC 9 - HIKVISION,
POINT (-57.59207199999998 -37.97561399999999),Av. Pedro Luro 7146,PC 1,
POINT (-57.59267999999999 -37.9763954),San Martín 7146,,
POINT (-57.5769201 -38.0336402),Mateotti 1456,PC 9 - HIKVISION,
POINT (-57.5720202 -38.0058839),Deán Funes & Rodríguez Peña,,
POINT (-57.57032779999999 -38.005619),Tomás Guido & General Roca,,
POINT (-57.570986 -38.006424),Tomás Guido & Rodríguez Peña,,
POINT (-57.5806601 -37.97861779999999),CHAMPAGNAT 1382 - 9 DE JULIO 6191,PA 8 - DAHUA,
POINT (-57.59267999999999 -37.9763954),San Martín 7146,,
POINT (-57.54918670000001 -37.9970932),Avenida Pedro Luro & Hipólito Yrigoyen,DEP MUNI - ISLA,
POINT (-57.5936221 -37.9871556),Tres Arroyos & Rawson,,
POINT (-57.7714566 -37.9304984),Villa Padre Luis Varetto,,
POINT (-57.62567749999999 -37.998635),Tripulantes del Fournier 1112,PC 9 - HIKVISION,
POINT (-57.5561293 -38.0325885),Alvear 171,PC 5 HIKVISION,
POINT (-57.54524819999999 -38.04013279999999),Solis 3430,PC 9 - HIKVISION,
POINT (-57.56386630000001 -37.9785112),Ituzaingo 4998,PC 9 - HIKVISION,
POINT (-57.5413414 -38.0080851),Av. Colón 1702,,
POINT (-57.5556869 -38.03237790000001),Solis 4630,PC 9 - HIKVISION,
POINT (-57.56738110000001 -38.006727),20 de Septiembre 3265,PC 9 - HIKVISION,
POINT (-57.5652094 -38.0532849),Napoles 3669,PC 9 - HIKVISION,
POINT (-57.56546309999999 -37.993623),Moreno 4241,PC 9 - HIKVISION,
POINT (-57.59338570000001 -37.9588574),Beruti 8106,PC 9 - HIKVISION,
POINT (-57.5442103 -38.0040101),Moreno 2145,PC 3 DAHUA,
POINT (-57.5451698 -37.9458425),Godoy Cruz 5366,PC 8 - DAHUA,
POINT (-57.5509436 -37.98116890000001),Tomás Guido 277,,
POINT (-57.5755065 -38.00155389999999),Misiones 3172,PC 8 - DAHUA,
POINT (-57.5510671 -38.00091339999999),DRS,,
POINT (-57.5534545 -37.9362855),Las Margaritas,,
POINT (-57.551021 -38.04359950000001),Edison 701,PC 8 - DAHUA,
POINT (-57.5522088 -37.9416813),Ciancheta 3120,PC 7 - EZVIZ,
POINT (-57.56429509999999 -37.9771544),Necochea 5098,PC 7 - EZVIZ,
POINT (-57.5531386 -37.997267),Rivadavia 3171,PC 9 - HIKVISION,
POINT (-57.539985 -38.0129575),Alberti 1343,PC 9 - HIKVISION,
POINT (-57.5361506 -38.02822010000001),Alem 3790,PC 9 - HIKVISION,
POINT (-57.57056720000001 -38.0278483),Mateotti 637,PC 9 - HIKVISION,
POINT (-57.5665856 -38.0401305),Cerrito 1349,PC 4 DAHUA,
POINT (-57.5833648 -37.97969570000001),Mariano Acosta y Luro,PC 9 - HIKVISION,
POINT (-57.55206620000001 -37.9742247),Libres del Sud y Rejon,PC 9 - HIKVISION,
POINT (-57.54630969999999 -37.9695325),Constitucion 4254,PC 9 - HIKVISION,
POINT (-57.57422270000001 -38.0363512),Rosales 5418,PC 9 -  HIKVISION,
POINT (-57.59052559999999 -38.00547359999999),Los Sauces 96,PC 9 - HIKVISION,
POINT (-57.5966673 -37.9905874),Tres Arroyos 3149,PC 9 - HIKVISION,
POINT (-57.5347934 -38.0119192),MENDOZA 2259,PC 9 - HIKVISION,
POINT (-57.5657627 -38.0166019),Laprida 2957,PC 2 - DAHUA,
POINT (-57.56828340000001 -37.96505090000001),Padre Cardiel 6062,PC 3 DAHUA,
POINT (-57.5899145 -38.0183912),República de Cuba 1034,PC 5 HIKVISION,
POINT (-57.59254629999999 -37.9140869),Calle Gavazzi,,
POINT (-57.57496399999999 -38.0451622),Puán 4866,PC 4 DAHUA,
POINT (-57.5471292 -38.0425815),12 de Octubre 3374,PC 9 - HIKVISION,
POINT (-57.5333582 -37.9239013),Mahatma Gandhi,,
POINT (-57.56210279999999 -38.0029251),Rawson 3469,,
POINT (-57.5996748 -37.9782613),Armenia 2191,,
POINT (-57.57221060000001 -38.0520404),Diagonal Canata 2581,PC 4 DAHUA,
POINT (-57.5476924 -38.032019),Lavalle 4626,,
POINT (-57.5481231 -37.9934704),La Rioja 1223,,
POINT (-57.5878797 -37.9529495),Florisbelo Acosta 8144,PC 8 - DAHUA,
POINT (-57.6642884 -38.0022054),Calle 6,,
POINT (-57.5538532 -38.0002841),Bolívar 3053,PC 4 - DAHUA,
POINT (-57.5832871 -38.0109296),De los Inmigrantes 81,PC 4 DAHUA,
POINT (-57.57018540000001 -38.0158228),AVENIDA PASO 3302 - SALTA 4214,PC 8 - DAHUA,
POINT (-57.6031735 -38.0076625),Guanahani 9209,PC 4 DAHUA,
POINT (-57.59819 -38.0061373),Ayolas 9019,PC 1 DAHUA,
POINT (-57.59381310000001 -38.0360077),Casildo Villar 2611,PC 8 - DAHUA,
POINT (-57.5563322 -38.0027607),falucho 3086,PC 5 HIKVISIONN,
POINT (-57.5848766 -38.0462963),Güiraldes 5345,PC 5 HIKVISION,
POINT (-57.585356 -37.985525),Av. Colón 6101,PC 5 HIKVISION,
POINT (-57.5622918 -37.99357940000001),Funes 1873,PC 7 - EZVIZ,
POINT (-57.54821159999999 -38.0674048),Pérez Bulnes 2361,PC 7 - EZVIZ,
POINT (-57.55316560000001 -38.0633369),Giacobini 2331,,
POINT (-57.59216139999999 -37.9153086),Gavazzi 1033,PC 7 - EZVIZ,
POINT (-57.61021840000001 -38.0014782),Hernandarias 10068,PC 7 - EZVIZ,
POINT (-57.5560152 -38.078233),Colombres 3572,PC 7 - EZVIZ,
POINT (-57.5854033 -38.1081119),Calle 457 nro 459  entre 6 y 8 - San Patricio,PC 7 - EZVIZ,
POINT (-57.5795829 -38.01986),Viña del Mar 624,PC 7 - EZVIZ,
POINT (-57.5832097 -37.99878140000001),Marconi 3278,PC 7 - EZVIZ,
POINT (-57.58539260000001 -37.9771584),Tres Arroyos 1468,PC 7 - EZVIZ,
POINT (-57.5759205 -38.0144219),Dorrego 4337,PC 7 - EZVIZ,
POINT (-57.6091408 -37.8817517),Calle S Guerrico,,
POINT (-57.550777 -37.9873504),Chacabuco 3556,PC 7 - EZVIZ,
POINT (-57.57919020000001 -38.0283719),Juana Manso 1187,PC 7 - EZVIZ,
POINT (-57.548466 -38.003118),Bolívar & Santiago del Estero,PC 5 HIKVISION,
POINT (-57.57551729999999 -37.9966446),Don Bosco 2716,PC 5 HIKVISION,
POINT (-57.5832674 -38.0375497),Talcahuano 2102,PC 5 HIKVISION,
POINT (-57.5640502 -38.101092),Cnel. de Marina David Jewett 5021,PC 5 HIKVISION,
POINT (-57.57900799999999 -38.0023306),Rodríguez Peña & Neuquén,PC 5 HIKVISION,
POINT (-57.5442575 -38.0013792),Corrientes 1753,,
POINT (-57.5452473 -38.009055),Arenales 2477,PC 6 HIKVISION,
POINT (-57.5495517 -37.9985868),DIAGONAL PUEYRREDON 2936,PC 5 HIKVISON,
POINT (-57.56487879999999 -37.9799667),Av. Juan Héctor Jara 798,PC 5 HIKVISION,
POINT (-57.5742628 -37.9751047),Malvinas 785,PC 5 HIKVISION,
POINT (-57.5527015 -37.9822361),Deán Funes 440,PC 5 HIKVISION,
POINT (-57.55539499999999 -38.008145),San Luis 2849,PC 6 HIKVISION,
POINT (-57.5951144 -37.9733456),Armenia 1552,,
POINT (-57.59505609999999 -37.9737989),Av. Pedro Luro 7479,,
POINT (-57.5661488 -38.0224568),Av. Juan B. Justo 2655,,
POINT (-57.5478687 -38.0091092),Alberti 2107,PC 6 HIKVISION,
POINT (-57.5948304 -37.9729123),25 de Mayo 7494,,
POINT (-57.56789269999999 -37.99781179999999),Gascón 4185,,
POINT (-57.5322027 -38.014997),Falucho 670,,
POINT (-57.5430858 -38.0105434),Gascón 1698,,
POINT (-57.5388419 -38.0240267),Gral. Paz 3535,PC 6 HIKVISION,
POINT (-57.59070260000001 -38.0404908),Antonio Valentini 2767,,
POINT (-57.5581972 -37.9908169),Tomás Guido 1458,PC 6 HIKVISION,
POINT (-57.56117709999999 -38.0388737),José Hernández 942,PC 5 HIKVISION,
POINT (-57.56247759999999 -37.9878209),9 de Julio 4359,PC 5 HIKVISION,
POINT (-57.5507967 -37.9616255),Av. Carlos Tejedor 1491,PC 5 DAHUA,
POINT (-57.5594911 -37.9828757),Chaco 799,PC 5 HIKVISION,
POINT (-57.56369360000001 -38.0276156),ESTEBAN ETCHEVERRIA 223,PC 5 HIKVISION,
POINT (-57.5622137 -38.0782135),Las Margaritas & Los Chañares,PC 5 HIKVISION,
POINT (-57.5895647 -38.0071362),Los Olmos 8674 Y LOS EUCALIPTUS 2240,PC 5 HIKVISION,
POINT (-57.5597436 -37.9953081),Belgrano 3740,PC 5 HIKVISION,
POINT (-57.5589674 -38.0737771),Los olmos 1798,,
POINT (-57.5872749 -38.0221942),Vertiz 7225,PC 9 - HIKVISION,
POINT (-57.61870509999999 -37.95933410000001),9 de Julio 9949,PC 9 - HIKVISION,
POINT (-57.5454793 -38.0105303),Alberti 1860,,
POINT (-57.5661514 -38.0234332),Talcahuano 46,PC 9 - HIKVISION,
POINT (-57.59163969999999 -37.9430674),Lijo López 8980,,
POINT (-57.5640326 -38.0239272),Sta. Fe 4637,,
POINT (-57.5436038 -37.998849),Santa Fe & Diagonal Alberdi Sur,,
POINT (-57.5447208 -37.9846646),Boulevard Maritimo Patricio Peralta Ramos - desconectada por el usuario,,
POINT (-57.5872529 -37.9772579),República del Líbano 1551,PC 3 DAHUA,
POINT (-57.60774139999999 -37.9909653),Av. Juan B. Justo 7399,PC 1 ,
POINT (-57.56409179999999 -37.9933115),Belgrano 4150,PC 2 DAHUA,
POINT (-57.585089 -38.0062204),Francia 4019,,
POINT (-57.57070280000001 -38.0188051),Av. Independencia 4466,PC 2 DAHUA,
POINT (-57.7082185 -38.0068352),Punto 315,,
POINT (-57.5442188 -37.9977736),Santiago del Estero 1447,PC 4 DAHUA,
POINT (-57.5868517 -38.0164882),Irala 7626,PC 4 DAHUA,
POINT (-57.57099039999999 -38.1006646),C. 6 6343,,
POINT (-57.55760429999999 -37.9961123),BELGRANO 3547 - 20 DE SEPTIEMBRE 1856,,
,PC 8 - DAHUA,,
POINT (-57.5987274 -38.1075188),Calle 18 & Calle 475,PC 5 HIKVISION,
POINT (-57.5955194 -37.9464554),PASAJE Castagnino 816,PC 5 HIKVISION,
POINT (-57.54259440000001 -37.9982573),9 de Julio 2344,PC 5 HIKVISION,
POINT (-57.55843840000001 -37.9700387),José Ingenieros 382,PC 5 HIKVISION,
POINT (-57.5719598 -37.97893129999999),Av. Libertad 5526,PC 5 HIKVISION,
POINT (-57.572508 -37.9788773),Av. Libertad 5564,PC 5 HIKVISION,
POINT (-57.5537174 -37.9955843),Salta 1664,PC 5 HIKVISION,
POINT (-57.5577858 -37.9545422),Olegario Andrade 1791,PC 5 HIKVISION,
POINT (-57.54395099999999 -38.00263119999999),Entre rios 1839,PC 5 HIKVISION,
POINT (-57.59468150000001 -38.0174654),Magnasco 1245,PC 7 - EZVIZ,
POINT (-57.55669330000001 -38.0774815),Castro Barros 3550,PC 7 - EZVIZ,
POINT (-57.5603177 -38.0353658),Cerrito 616,PC 5 HIKVISION,
POINT (-57.56101719999999 -37.9971881),14 de Julio 2143,PC 5 HIKVISION,
POINT (-57.57576599999999 -37.9837599),TIENDA LEÓN MDQ,,
POINT (-57.56830799999999 -38.0190656),Larrea 2998,,
POINT (-57.5268083 -38.01829049999999),Aristóbulo del Valle 2480,PC 7 - EZVIZ,
"LINESTRING (-57.5562537 -38.000381, -57.5551057 -38.0009424)",Línea 341,,
POINT (-57.5718641 -37.9988634),Chaco 2766,PC 7 - EZVIZ,
POINT (-57.6037363 -38.1143618),Calle 495 nro 874,PC 7 - EZVIZ,
POINT (-57.55961569999999 -37.9707414),Ingenieros 283,PC 7 - EZVIZ,
POINT (-57.55316560000001 -38.0633369),Giacobini 2331,PC 7 - EZVIZ,
POINT (-57.58405510000001 -37.9840063),Doctor Victoriano E. Montes,,
POINT (-57.5466706 -38.0212312),Saavedra 1330,PC 7 - EZVIZ,
POINT (-57.6084976 -38.0213763),Guerrico 2335,PC 7 - EZVIZ,
POINT (-57.5732635 -38.0301944),Mateotti 981,PC 7 - EZVIZ,
POINT (-57.5488335 -37.987195),Ayacucho 3424,PC 7 - EZVIZ,
POINT (-57.60730989999999 -38.0035912),Hernandarias 9746,PC 7 - EZVIZ,
POINT (-57.55841710000001 -37.99823850000001),Bolívar 3478,PC 7 - EZVIZ,
POINT (-57.57825200000001 -38.0427621),Puan 5242,PC 7 - EZVIZ,
POINT (-57.5828585 -38.0394036),Rafael del Riego 2231,Pc 7 - EZVIZ,
POINT (-57.5975744 -38.0577943),Manzana 6 Casa 36 - Lomas del Golf,PC 7 - EZVIZ,
POINT (-57.56018189999999 -37.971675),Jose Ingenieros 157,PC 7 - EZVIZ,
POINT (-57.5992097 -37.9810335),Falucho entre 180 y 178,Pc 7 - EZVIZ,
POINT (-57.56630730000001 -38.0278022),12 de Octubre 5575,PC 7 - EZVIZ,
POINT (-57.60174799999999 -37.978143),Arrue 2270,Pc 7 - EZVIZ,
POINT (-57.5461949 -38.00763999999999),Falucho 2007 - BUENOS AIRES 2302,PC 1 ,
POINT (-57.59258469999999 -37.9878026),Complejo Edicilio Habit Uta Mar del Plat,,
POINT (-57.5508493 -37.999793),Belgrano 2864,PC 1 DAHUA,
POINT (-57.58088509999999 -38.0032194),Don Bosco 3568,PC 5 HIKVISION,
POINT (-57.5619202 -38.0022968),España 2612,PC 5 HIKVISION,
POINT (-57.54982200000001 -37.9993588),Mitre 1817,PC 5 HIKVISION,
POINT (-57.58389899999999 -38.023351),Av. Lisandro de la Torre 1078,PC 5 HIKVISION,
POINT (-57.5552383 -38.0098686),Córdoba 2992,PC 5 HIKVISION,
POINT (-57.55213610000001 -38.0308033),Carlos Alvear 4726,PC 5 HIKVISION,
POINT (-57.5496517 -38.00947),Rawson 2218,PC 5 HIKVISION,
POINT (-57.54814080000001 -37.9956364),Hipólito Yrigoyen 1417,PC 5 HIKVISION,
POINT (-57.5678574 -38.0066833),Gral. Roca 3655,PC 5 HIKVISION,
POINT (-57.5701984 -38.0064838),Rodríguez Peña 3825,PC 5 HIKVISION,
POINT (-57.5504355 -38.0044141),Almte. Brown 2575,,
POINT (-57.54919510000001 -38.0073014),Gascón 2308,PC 5 HIKVISION,
POINT (-57.5780907 -38.0072327),Matheu & La Pampa,PC 5 HIKVISION,
POINT (-57.5581894 -37.9711139),Av. Carlos Tejedor 301,PC 5 HIKVISION ,
POINT (-57.561726 -38.003429),Rawson 3404,PC 5 HIKVISION,
POINT (-57.5896409 -37.9694659),Av. Libertad 7331,PC 5 HIKVISION,
POINT (-57.57576599999999 -37.9837599),LURO Y MEXICO,PC 5 HIKVISION,
POINT (-57.7635499 -37.9555983),Adolfo y Olga,PC 9 - HIKVISION,
POINT (-57.7784836 -37.9409112),Angela y Arturo ,PC 9 - HIKVISION,
POINT (-57.7843779 -37.9432543),Francisco y San Martin,PC 9 - HIKVISION,
POINT (-57.5635104 -38.0066825),diagonal alberdi y santa fe,,
POINT (-57.5732896 -38.0827327),Los Mocoretas & Caupolican,,
POINT (-57.57346140000001 -37.9952097),Gascon 4785,PC 9 - HIKVISION,
POINT (-57.5475205 -37.9967517),Bartolomé Mitre & 25 de Mayo,,
POINT (-57.5832202 -38.04100409999999),Genova 5635,PC 9 - HIKVISION,
POINT (-57.5510671 -38.00091339999999),Mitre 2011,,
POINT (-57.5728214 -38.0111853),Formosa 3756,,
POINT (-57.5712209 -38.0605842),Mario Bravo y Edison,PC 9 - HIKVISION,
POINT (-57.5688585 -38.0857189),Los Araucanos,PC 9 - HIKVISION,
POINT (-57.5829277 -38.0665682),Jorge Hernandez 1066,PC 9 - HIKVISION,
POINT (-57.60552200000001 -37.9415241),López de Gomara 5055,,
POINT (-57.5763948 -37.964138),Torres de Vera y Aragon 100,PC 9 - HIKVISION,
POINT (-57.57750720000001 -37.9646867),Rio Negro 6750,PC 9 - HIKVISION,
POINT (-57.57770900000001 -37.9640007),Martinez Zuviría 50,PC 9 - HIKVISION,
POINT (-57.55363669999999 -38.0019541),Av. Colón 2936,PC 5 HIKVISION,
POINT (-57.57529359999999 -37.9817339),9 de julio 5602,,
POINT (-57.5440109 -37.9729361),Ricardo Gutiérrez 781,PC 5 HIKVISION,
POINT (-57.58645860000001 -38.1016615),Calle 445 & Calle 14,PC 5 HIKVISION,
POINT (-57.57993609999999 -38.02947),Juana Manso 1320,PC 5 HIKVISION,
POINT (-57.605503 -37.940399),Valencia 10101,PC 5 HIKVISION,
POINT (-57.657222 -37.941111),PROCOSUD Ruta 226 km7,5,PC 5 HIKVISON
POINT (-57.59849399999999 -37.9784738),Bolívar 7499,,
POINT (-57.53231719999999 -38.02779219999999),Playa Grande,,
POINT (-57.710418 -38.0069795),Delegación Municipal Batán,,
POINT (-57.5757433 -37.95928749999999),San José de Calasanz 581,PC 6 HIKVISION,
POINT (-57.5767238 -37.9970016),Garay 4842,PC 7 - EZVIZ,
POINT (-57.5576059 -38.0010528),ALMIRANTE BROWN 3232,PC 5 HIKVISION,
POINT (-57.5774145 -37.9526354),Dellapaolera 1050,PC 7 - EZVIZ,
,,,
POINT (-57.5711014 -37.9907191),Moreno 4832,PC 5 HIKVISION,
POINT (-57.57311139999999 -38.0927958),Los Mapuches 1247,Pc 7 - EZVIZ,
POINT (-57.5650701 -37.9991828),GUIDO 2492,PC 7 - EZVIZ,
POINT (-57.5752251 -37.9866316),Uruguay 1835,Pc 7 - EZVIZ,
POINT (-57.599869 -38.0234355),Camusso,,
"LINESTRING (-57.5531082 -37.98594, -57.5543528 -37.9875128, -57.5523465 -37.9885698)",Línea 417,,
"LINESTRING (-57.5531082 -37.98594, -57.5510697 -37.9869674, -57.5523894 -37.9885698)",Plaza Pueyrredon,,
POINT (-57.5725109 -37.9968791),Alberti 4550,PC 5 HIKVISION,
POINT (-57.55612850000001 -38.0478181),Av. Edison 1345,PC 5 HIKVISION,
POINT (-57.5615957 -38.0910967),Diag. Estados Unidos Nte. 779,,
POINT (-57.55437860000001 -38.00195430000001),LA RIOJA 2248,PC 7 - EZVIZ,
POINT (-57.58457569999999 -38.0120611),De los Inmigrantes 237,PC 5 HIKVISION,
POINT (-57.58875 -38.114026),entrada del barrio san carlos,,
POINT (-57.61933029999999 -38.0131616),Genova 9845,PC 5 HIKVISION,
POINT (-57.57255199999999 -37.9893113),Av. Juan Héctor Jara 1954,PC 5 HIKVISION,
"LINESTRING (-57.5438075 -38.0043779, -57.5451378 -38.0060179, -57.5431423 -38.0070239, -57.5423591 -38.0059123, -57.5426434 -38.0049401, -57.5438236 -38.0043483)",Plaza Colon ,,
"LINESTRING (-57.5531035 -38.0020167, -57.5511347 -38.0029847, -57.5524865 -38.0046417, -57.5544446 -38.0035934, -57.5544446 -38.0035638, -57.5531464 -38.0019956)",Plaza mitre ,,
POINT (-57.5523913 -38.0209535),Formosa 1755,PC 8 - DAHUA,
POINT (-57.55217030000001 -38.0218752),Las Heras 3950,,
POINT (-57.58324699999999 -38.107467),Calle 6 nro 1663 entre 451/453,PC 7 - EZVIZ,
POINT (-57.67851079999999 -38.011446),Teru Teru 922,PC 7 - EZVIZ,
POINT (-57.5458332 -38.025613),Almafuerte 1021,3 DAHUA DSS,
POINT (-57.5455095 -37.9952071),3 de Febrero 2751,,
POINT (-57.54417300000001 -38.0163838),Olavarría 3063,PC 6 HIKVISION,
POINT (-57.5809276 -37.98061939999999),Luro 6099,PC 7 - EZVIZ,
POINT (-57.58458570000001 -38.0111679),Camusso 180,PC 7 - EZVIZ,
POINT (-57.5424664 -38.0176992),Avellaneda 1244,PC 1 DAHUA,
POINT (-57.5698838 -38.0000675),San Juan 2790,PC 1 DAHUA,
POINT (-57.5874408 -37.9775233),Av. Pedro Luro 6701,PC 1 DAHUA,
POINT (-57.5375082 -38.02754669999999),Matheu 307,PC 1 DAHUA,
POINT (-57.54785779999999 -38.0002893),Rivadavia 2602 - CORDOBA 1899,PC 1 DAHUA,
POINT (-57.5829538 -38.0019572),JARA 3550,PC 1 DAHUA,
POINT (-57.5760861 -38.0412549),AV. FORTUNATO DE LA PLAZA Y LUIS AGOTE,PC 1 DAHUA,
POINT (-57.5372352 -38.0290937),ALEM 3913,PC 2 DAHUA,
POINT (-57.55542209999999 -37.9861043),Maipú 3960,PC 7 - EZVIZ,
POINT (-57.55663799999999 -37.9857997),Maipú 4020,PC 7 - EZVIZ,
POINT (-57.55456899999999 -37.9985867),INDEPENDENCIA 1964,PC 2 DAHUA,
POINT (-57.5559447 -37.9857466),Funes 909,PC 7 - EZVIZ,
POINT (-57.5545117 -37.9988804),Punto 432,,
POINT (-57.5563869 -37.9862945),Funes 959,PC 7 - EZVIZ,
POINT (-57.5915822 -37.9867047),Bordabehere 2590,PC 8 - DAHUA,
POINT (-57.5918486 -37.9871099),Alberti 6490,PC 8 - DAHUA,
POINT (-57.5474761 -37.968788),Libres del Sud 990,PC 8 - DAHUA,
POINT (-57.547526 -37.9691097),Constitución 4386,PC 8 - DAHUA,
POINT (-57.57275509999999 -38.0032687),San Juan & San Lorenzo,PC 2 DAHUA,
POINT (-57.5420085 -37.9968779),SANTA FE 1247,PC 2 DAHUA,
POINT (-57.55758470000001 -38.03082819999999),SOLIS 4850,PC 2 DAHUA,
POINT (-57.7062095 -38.0049301),Calle 134,,
POINT (-57.533107 -38.0284902),BRUTO TUNEL,PC 3 DAHUA,
POINT (-57.6074734 -37.9487599),Av. Albert Schweitzer 32,PC 4 DAHUA,
POINT (-57.5702247 -38.0277342),Ayolas 5832,PC 9 - HIKVISION,
POINT (-57.5525439 -38.0009395),Hipolito Yrigoyen 2097,,
,PC 9 - HIKVISION,,
POINT (-57.57507389999999 -38.011996),Laprida 3867,PC 4 DAHUA,
POINT (-57.5623635 -38.0735372),Los Geranios 2210,PC 4 DAHUA,
POINT (-57.54786300000001 -38.00389829999999),SANTA FE 2147,PC 4 DAHUA,
POINT (-57.5596222 -38.0190383),Almafuerte 2384,PC 9 - HIKVISION,
POINT (-57.56570159999999 -38.0137851),Catamarca 3823,PC 9 - HIKVISION,
POINT (-57.5445754 -38.0051653),Bolívar 2118,,
BUENOS AIRES 2118,PC 5 HIKVISION,,
POINT (-57.589996 -38.0067619),Los Eucaliptos 8408,PC 7 - EZVIZ,
POINT (-57.5458942 -38.0436627),Figueroa Alcorta 427,PC 5 HIKVISON,
POINT (-57.5820931 -38.0653435),Jorge Hernandez 785,PC 9 - HIKVISION,
POINT (-57.5882167 -37.9912106),Juncal 2820,PC 9 - HIKVISION,
POINT (-57.5596222 -38.0190383),Almafuerte 2384,PC 5 HIKVISION,
POINT (-57.56038789999999 -37.9914376),Avenida Pedro Luro & Deán Funes,PC 5 HIKVISION ,
POINT (-57.5453467 -37.9972915),Córdoba 1441,PC 5 HIKVISION,
POINT (-57.5724217 -38.0100853),Dorrego 3800,PC 5 HIKVISION,
POINT (-57.5645688 -38.0664307),El Hornero 37,PC 5 HIKVISION,
POINT (-57.5584001 -38.00339719999999),Av. Independencia 2552,PC 5 HIKVISION,
POINT (-57.55905240000001 -37.9700762),José Ingenieros 359,PC 5 HIKVISION,
POINT (-57.5480135 -37.994026),La Rioja 1282,PC 5 HIKVISION,
POINT (-57.5409824 -38.0330073),LARREA 248,PC 5 HIKVISION,
POINT (-57.5616379 -37.991841),San Martín 4077,PC 5 HIKVISION,
POINT (-57.5656421 -38.0142405),Catamarca 3854,PC 7 - EZVIZ,
POINT (-57.55723649999999 -37.995968),España 1853,PC 8 HIKVISION,
POINT (-57.57630469999999 -37.9936614),Avenida Juan Héctor Jara & Gascón,,
POINT (-57.5558617 -37.9874753),Guido 1045,PC 8 - DSS EXPRESS,
POINT (-57.54979819999999 -38.0050637),Santiago del Estero 2306,PC 8 - DSS EXPRESS,
POINT (-57.5515176 -37.9765584),Tomás Falkner 4211,PC 8 - DSS EXPRESS,
POINT (-57.5960456 -37.9065167),Calle Alelies & Calle Los Geranios,PC 7 - EZVIZ,
POINT (-57.59922690000001 -37.9078876),Calle Los Tulipanes & Calle Azucena,PC 7 - EZVIZ,
POINT (-57.59445539999999 -37.91148099999999),Calle Las Rosas & Calle Los Geranios,PC 7 - EZVIZ,
POINT (-57.5965921 -37.9081013),Lirios 2740,PC 7 - EZVIZ - CONTRASEÑA: QWERTY,
POINT (-57.59980820000001 -38.0356997),Monseñor Enrique Rau 2967,PC 7 EZVIZ,
